{
    "packages": [
        {
            "name": "codeguy/upload",
            "version": "1.3.2",
            "version_normalized": "1.3.2.0",
            "source": {
                "type": "git",
                "url": "https://github.com/brandonsavage/Upload.git",
                "reference": "6a9e5e1fb58d65346d0e557db2d46fb25efd3e37"
            },
            "dist": {
                "type": "zip",
                "url": "https://api.github.com/repos/brandonsavage/Upload/zipball/6a9e5e1fb58d65346d0e557db2d46fb25efd3e37",
                "reference": "6a9e5e1fb58d65346d0e557db2d46fb25efd3e37",
                "shasum": ""
            },
            "require": {
                "ext-fileinfo": "*",
                "php": ">=5.3.0"
            },
            "require-dev": {
                "phpunit/phpunit": "3.7.*"
            },
            "time": "2013-07-07T17:01:41+00:00",
            "type": "library",
            "installation-source": "dist",
            "autoload": {
                "psr-0": {
                    "Upload": "src"
                }
            },
            "notification-url": "https://packagist.org/downloads/",
            "license": [
                "MIT"
            ],
            "authors": [
                {
                    "name": "Josh Lockhart",
                    "email": "info@joshlockhart.com",
                    "homepage": "https://github.com/codeguy/"
                }
            ],
            "description": "Handle file uploads with extensible validation and storage strategies",
            "homepage": "http://github.com/codeguy/Upload",
            "keywords": [
                "file",
                "upload",
                "validation"
            ],
            "support": {
                "issues": "https://github.com/brandonsavage/Upload/issues",
                "source": "https://github.com/brandonsavage/Upload/tree/1.3.2"
            },
            "install-path": "../codeguy/upload"
        },
        {
            "name": "grocerycrud/enterprise",
            "version": "2.9.4",
            "version_normalized": "2.9.4.0",
            "dist": {
                "type": "zip",
                "url": "artifacts/grocery-crud-enterprise-v2.9.4.zip",
                "shasum": "3afea802f6cdddad3a0270c27c3df3be0ae578b9"
            },
            "require": {
                "codeguy/upload": "^1.3",
                "laminas/laminas-db": "^2.13",
                "php": "^7.3|^8.0",
                "scoumbourdis/phpexcel": "^1.9.3",
                "vlucas/valitron": "^1.4.5"
            },
            "type": "library",
            "installation-source": "dist",
            "autoload": {
                "psr-0": {
                    "GroceryCrud": "src/"
                }
            },
            "install-path": "../grocerycrud/enterprise"
        },
        {
            "name": "laminas/laminas-db",
            "version": "2.14.1",
            "version_normalized": "2.14.1.0",
            "source": {
                "type": "git",
                "url": "https://github.com/laminas/laminas-db.git",
                "reference": "7daba1149e69dc828ce083844cde1101c0418afa"
            },
            "dist": {
                "type": "zip",
                "url": "https://api.github.com/repos/laminas/laminas-db/zipball/7daba1149e69dc828ce083844cde1101c0418afa",
                "reference": "7daba1149e69dc828ce083844cde1101c0418afa",
                "shasum": ""
            },
            "require": {
                "laminas/laminas-stdlib": "^3.7.1",
                "php": "^7.3 || ~8.0.0 || ~8.1.0"
            },
            "conflict": {
                "zendframework/zend-db": "*"
            },
            "require-dev": {
                "laminas/laminas-coding-standard": "~2.2.1",
                "laminas/laminas-eventmanager": "^3.4.0",
                "laminas/laminas-hydrator": "^3.2 || ^4.3",
                "laminas/laminas-servicemanager": "^3.7.0",
                "phpunit/phpunit": "^9.5.19"
            },
            "suggest": {
                "laminas/laminas-eventmanager": "Laminas\\EventManager component",
                "laminas/laminas-hydrator": "(^3.2 || ^4.3) Laminas\\Hydrator component for using HydratingResultSets",
                "laminas/laminas-servicemanager": "Laminas\\ServiceManager component"
            },
            "time": "2022-03-30T07:37:42+00:00",
            "type": "library",
            "extra": {
                "laminas": {
                    "component": "Laminas\\Db",
                    "config-provider": "Laminas\\Db\\ConfigProvider"
                }
            },
            "installation-source": "dist",
            "autoload": {
                "psr-4": {
                    "Laminas\\Db\\": "src/"
                }
            },
            "notification-url": "https://packagist.org/downloads/",
            "license": [
                "BSD-3-Clause"
            ],
            "description": "Database abstraction layer, SQL abstraction, result set abstraction, and RowDataGateway and TableDataGateway implementations",
            "homepage": "https://laminas.dev",
            "keywords": [
                "db",
                "laminas"
            ],
            "support": {
                "chat": "https://laminas.dev/chat",
                "docs": "https://docs.laminas.dev/laminas-db/",
                "forum": "https://discourse.laminas.dev",
                "issues": "https://github.com/laminas/laminas-db/issues",
                "rss": "https://github.com/laminas/laminas-db/releases.atom",
                "source": "https://github.com/laminas/laminas-db"
            },
            "funding": [
                {
                    "url": "https://funding.communitybridge.org/projects/laminas-project",
                    "type": "community_bridge"
                }
            ],
            "install-path": "../laminas/laminas-db"
        },
        {
            "name": "laminas/laminas-stdlib",
            "version": "3.7.1",
            "version_normalized": "3.7.1.0",
            "source": {
                "type": "git",
                "url": "https://github.com/laminas/laminas-stdlib.git",
                "reference": "bcd869e2fe88d567800057c1434f2380354fe325"
            },
            "dist": {
                "type": "zip",
                "url": "https://api.github.com/repos/laminas/laminas-stdlib/zipball/bcd869e2fe88d567800057c1434f2380354fe325",
                "reference": "bcd869e2fe88d567800057c1434f2380354fe325",
                "shasum": ""
            },
            "require": {
                "php": "^7.3 || ~8.0.0 || ~8.1.0"
            },
            "conflict": {
                "zendframework/zend-stdlib": "*"
            },
            "require-dev": {
                "laminas/laminas-coding-standard": "~2.3.0",
                "phpbench/phpbench": "^1.0",
                "phpunit/phpunit": "^9.3.7",
                "psalm/plugin-phpunit": "^0.16.0",
                "vimeo/psalm": "^4.7"
            },
            "time": "2022-01-21T15:50:46+00:00",
            "type": "library",
            "installation-source": "dist",
            "autoload": {
                "psr-4": {
                    "Laminas\\Stdlib\\": "src/"
                }
            },
            "notification-url": "https://packagist.org/downloads/",
            "license": [
                "BSD-3-Clause"
            ],
            "description": "SPL extensions, array utilities, error handlers, and more",
            "homepage": "https://laminas.dev",
            "keywords": [
                "laminas",
                "stdlib"
            ],
            "support": {
                "chat": "https://laminas.dev/chat",
                "docs": "https://docs.laminas.dev/laminas-stdlib/",
                "forum": "https://discourse.laminas.dev",
                "issues": "https://github.com/laminas/laminas-stdlib/issues",
                "rss": "https://github.com/laminas/laminas-stdlib/releases.atom",
                "source": "https://github.com/laminas/laminas-stdlib"
            },
            "funding": [
                {
                    "url": "https://funding.communitybridge.org/projects/laminas-project",
                    "type": "community_bridge"
                }
            ],
            "install-path": "../laminas/laminas-stdlib"
        },
        {
            "name": "scoumbourdis/phpexcel",
            "version": "1.9.4",
            "version_normalized": "1.9.4.0",
            "source": {
                "type": "git",
                "url": "https://github.com/scoumbourdis/PHPExcel.git",
                "reference": "837abe26d0056c3f1254f2045d753fcd2b35d47c"
            },
            "dist": {
                "type": "zip",
                "url": "https://api.github.com/repos/scoumbourdis/PHPExcel/zipball/837abe26d0056c3f1254f2045d753fcd2b35d47c",
                "reference": "837abe26d0056c3f1254f2045d753fcd2b35d47c",
                "shasum": ""
            },
            "require": {
                "ext-mbstring": "*",
                "ext-xml": "*",
                "ext-xmlwriter": "*",
                "php": ">=5.4.10"
            },
            "require-dev": {
                "squizlabs/php_codesniffer": "2.*"
            },
            "time": "2022-04-03T09:31:03+00:00",
            "type": "library",
            "installation-source": "dist",
            "autoload": {
                "psr-0": {
                    "PHPExcel": "Classes/"
                }
            },
            "notification-url": "https://packagist.org/downloads/",
            "license": [
                "LGPL-2.1"
            ],
            "authors": [
                {
                    "name": "Maarten Balliauw",
                    "homepage": "http://blog.maartenballiauw.be"
                },
                {
                    "name": "Mark Baker",
                    "homepage": "http://markbakeruk.net"
                },
                {
                    "name": "Franck Lefevre",
                    "homepage": "http://rootslabs.net"
                },
                {
                    "name": "Erik Tilt"
                },
                {
                    "name": "John Skoumbourdis",
                    "homepage": "https://www.web-and-development.com/"
                }
            ],
            "description": "PHPExcel - OpenXML - Read, Create and Write Spreadsheet documents in PHP - Spreadsheet engine",
            "homepage": "https://github.com/PHPOffice/PHPExcel",
            "keywords": [
                "OpenXML",
                "excel",
                "php",
                "spreadsheet",
                "xls",
                "xlsx"
            ],
            "support": {
                "source": "https://github.com/scoumbourdis/PHPExcel/tree/1.9.4"
            },
            "install-path": "../scoumbourdis/phpexcel"
        },
        {
            "name": "vlucas/valitron",
            "version": "v1.4.10",
            "version_normalized": "1.4.10.0",
            "source": {
                "type": "git",
                "url": "https://github.com/vlucas/valitron.git",
                "reference": "5ebd5d7af82cc0a9d798e816a2ecad63f1b59ceb"
            },
            "dist": {
                "type": "zip",
                "url": "https://api.github.com/repos/vlucas/valitron/zipball/5ebd5d7af82cc0a9d798e816a2ecad63f1b59ceb",
                "reference": "5ebd5d7af82cc0a9d798e816a2ecad63f1b59ceb",
                "shasum": ""
            },
            "require": {
                "php": ">=5.3.2"
            },
            "require-dev": {
                "phpunit/phpunit": ">=4.8.35"
            },
            "suggest": {
                "ext-mbstring": "It can support the multiple bytes string length."
            },
            "time": "2021-07-08T16:18:03+00:00",
            "type": "library",
            "installation-source": "dist",
            "autoload": {
                "psr-4": {
                    "Valitron\\": "src/Valitron"
                }
            },
            "notification-url": "https://packagist.org/downloads/",
            "license": [
                "BSD-3-Clause"
            ],
            "authors": [
                {
                    "name": "Vance Lucas",
                    "email": "vance@vancelucas.com",
                    "homepage": "https://www.vancelucas.com"
                }
            ],
            "description": "Simple, elegant, stand-alone validation library with NO dependencies",
            "homepage": "https://github.com/vlucas/valitron",
            "keywords": [
                "valid",
                "validation",
                "validator"
            ],
            "support": {
                "issues": "https://github.com/vlucas/valitron/issues",
                "source": "https://github.com/vlucas/valitron/tree/v1.4.10"
            },
            "funding": [
                {
                    "url": "https://tidelift.com/funding/github/packagist/vlucas/valitron",
                    "type": "tidelift"
                }
            ],
            "install-path": "../vlucas/valitron"
        }
    ],
    "dev": true,
    "dev-package-names": []
}
